{"Ada": [-96.6783449, 34.774531], "Akron": [-81.5190053, 41.0814447], "Albany": [-84.155741, 31.5785074], "Alexandria": [-92.4451371, 31.3112936], "Alpena": [-83.4327528, 45.0616794], "Altoona": [-78.3947359, 40.5186809], "Amarillo": [-101.8312969, 35.2219971], "Ames": [-93.625622, 42.02335], "Anchorage": [-149.9002778, 61.2180556], "Anderson": [-82.6501332, 34.5034394], "Appleton": [-88.4153847, 44.2619309], "Atlanta": [-84.3879824, 33.7489954], "Auburn": [-70.2311655, 44.0978509], "Augusta": [-81.975, 33.47], "Austin": [-97.7430608, 30.267153], "Bakersfield": [-119.0187125, 35.3732921], "Baltimore": [-76.6121893, 39.2903848], "Bangor": [-68.7778138, 44.8011821], "Baton Rouge": [-91.154551, 30.4507462], "Battle Creek": [-85.1797142, 42.3211522], "Bay City": [-83.8888647, 43.5944677], "Bend": [-121.3153096, 44.0581728], "Billings": [-108.5006904, 45.7832856], "Binghamton": [-75.9179738, 42.0986867], "Birmingham": [-86.80249, 33.5206608], "Bloomington": [-88.9936873, 40.4842027], "Boise": [-116.237651, 43.613739], "Bowling Green": [-86.4436018, 36.9903199], "Bozeman": [-111.050499, 45.68346], "Bryan": [-96.3699632, 30.6743643], "Buffalo": [-78.8783689, 42.8864468], "Cadillac": [-85.4011619, 44.2519526], "Canton": [-81.378447, 40.7989473], "Champaign": [-88.9548001, 39.8403147], "Charleston": [-79.9309216, 32.7765656], "Charlotte": [-80.8431267, 35.2270869], "Charlottesville": [-78.4766781, 38.0293059], "Chattanooga": [-85.3096801, 35.0456297], "Chicago": [-87.6500523, 41.850033], "Cincinnati": [-84.5030556, 39.1361111], "Cities": [-82.4106862, 36.472723], "Columbia": [-81.0348144, 34.0007104], "Columbus": [-82.9987942, 39.9611755], "Corpus Christi": [-97.396381, 27.8005828], "Dayton": [-84.1916069, 39.7589478], "Decatur": [-86.9833417, 34.6059253], "Decatur;": [-88.9548001, 39.8403147], "Denver": [-104.9847034, 39.7391536], "Detroit": [-83.0457538, 42.331427], "Dickinson": [-102.7896242, 46.8791756], "Dothan": [-85.3904888, 31.2232313], "Durham": [-78.898619, 35.9940329], "Eau Claire": [-91.4984941, 44.811349], "El Centro": [-115.5630514, 32.792], "El Dorado": [-92.665901, 33.210973], "El Paso": [-106.4869314, 31.7587198], "Elkhart": [-85.9766671, 41.6819935], "Elmira": [-76.8077338, 42.0897965], "Erie": [-80.085059, 42.1292241], "Eugene": [-123.0867536, 44.0520691], "Eureka": [-124.1636729, 40.8020712], "Evansville": [-87.5558482, 37.9747644], "Fairbanks": [-147.7163889, 64.8377778], "Fayetteville": [-78.8783585, 35.0526641], "Florence": [-87.677251, 34.79981], "Ft. Lauderdale": [-80.1433786, 26.1223084], "Ft. Pierce": [-80.3256056, 27.4467056], "Ft. Walton Beach": [-86.618842, 30.4057552], "Ft. Wayne": [-85.1288597, 41.1306041], "Ft. Worth": [-97.3208496, 32.725409], "Gainesville": [-82.3248262, 29.6516344], "Glendive": [-104.710419, 47.108491], "Great Falls": [-111.3008083, 47.5002354], "Greenville": [-91.0617735, 33.4101161], "Gulfport": [-89.0928155, 30.3674198], "Hagerstown": [-77.7199932, 39.6417629], "Harrisonburg": [-78.8689155, 38.4495688], "Hartford": [-72.6850932, 41.7637111], "Helena": [-112.027031, 46.595805], "Holyoke": [-72.6162009, 42.2042586], "Honolulu": [-157.8583333, 21.3069444], "Houston": [-95.3830615, 29.7628844], "Huntington": [-82.445154, 38.4192496], "Hutchinson": [-97.9297743, 38.0608445], "Indianapolis": [-86.1580423, 39.7683765], "Iowa City": [-91.5162792, 41.677204], "Jackson": [-90.1848103, 32.2987573], "Jacksonville": [-81.655651, 30.3321838], "Jefferson City": [-92.1735164, 38.5767017], "Jonesboro": [-90.704279, 35.8422967], "Juneau": [-134.4197222, 58.3019444], "Kansas City": [-94.5785667, 39.0997265], "Kearney": [-99.083107, 40.699959], "Kennewick": [-119.1372338, 46.2112458], "Keokuk": [-91.394372, 40.402525], "Kirksville": [-92.5832496, 40.1947539], "Klamath Falls": [-121.7816704, 42.224867], "Knoxville": [-83.9207392, 35.9606384], "Lafayette": [-92.0198427, 30.2240897], "Lake Charles": [-93.2173758, 30.2265949], "Lansing": [-84.5555347, 42.732535], "Laredo": [-99.5075421, 27.506407], "Las Vegas": [-115.172816, 36.114646], "Laurel": [-89.1306124, 31.6940509], "Lawton": [-98.3903305, 34.6086854], "Lexington": [-84.4951359, 38.0317136], "Lima": [-84.1052256, 40.742551], "Longview": [-94.7404891, 32.5007037], "Los Angeles": [-118.2436849, 34.0522342], "Louisville": [-85.759407, 38.2542376], "Lubbock": [-101.8551665, 33.5778631], "Lufkin": [-94.729097, 31.3382406], "Lynchburg": [-79.1422464, 37.4137536], "Macon": [-83.6324022, 32.8406946], "Madison": [-89.4012302, 43.0730517], "Manchester": [-71.4547891, 42.9956397], "Mankato": [-93.9993996, 44.1635775], "Marquette": [-87.395417, 46.5435442], "McAllen": [-98.2300124, 26.2034071], "Melbourne": [-80.6081089, 28.0836269], "Memphis": [-90.0489801, 35.1495343], "Meridian": [-88.703656, 32.3643098], "Midland": [-102.0779146, 31.9973456], "Milwaukee": [-87.9064736, 43.0389025], "Missoula": [-113.9939982, 46.872146], "Mitchell": [-98.0297992, 43.7094283], "Modesto": [-120.9968782, 37.6390972], "Moline": [-90.5151342, 41.5067003], "Montgomery": [-86.2999689, 32.3668052], "Montrose": [-107.8761738, 38.4783198], "Mount Vernon": [-88.9031201, 38.3172714], "Myrtle Beach": [-78.8866943, 33.6890603], "Nacogdoches": [-94.6554874, 31.6035129], "Naples": [-81.7948103, 26.1420358], "Nashville": [-86.7844432, 36.1658899], "New Bedford": [-70.934205, 41.6362152], "New Haven": [-72.9281577, 41.3081527], "New Orleans": [-90.0705556, 29.9647222], "New York": [-74.0059729, 40.7142691], "Newport News": [-76.428003, 36.9787588], "North Platte": [-100.7654232, 41.1238873], "Oak Hill": [-81.1487135, 37.9723339], "Oklahoma City": [-97.5164276, 35.4675602], "Omaha": [-95.999258, 41.254006], "Palm Springs": [-116.5452921, 33.8302961], "Panama City": [-85.6602058, 30.1588129], "Parkersburg": [-81.5615135, 39.2667418], "Pensacola ": [-87.2169149, 30.421309], "Pensacola": [-87.2169149, 30.421309], "Petersburg": [-77.4019267, 37.2279279], "Philadelphia": [-75.163789, 39.952335], "Phoenix": [-112.0740373, 33.4483771], "Pine Bluff": [-92.0031955, 34.2284312], "Pittsburg": [-94.70496, 37.410884], "Pittsburgh": [-79.9958864, 40.4406248], "Plattsburgh": [-73.4529124, 44.6994873], "Pocatello": [-112.4455344, 42.8713032], "Port Arthur": [-93.939947, 29.8849504], "Portland": [-122.6762071, 45.5234515], "Presque Isle": [-68.0158615, 46.681153], "Pueblo": [-104.6091409, 38.2544472], "Rapid City": [-103.2310149, 44.0805434], "Redding": [-122.3916754, 40.5865396], "Reno": [-119.8138027, 39.5296329], "Rhinelander": [-89.4120753, 45.6366228], "Riverton": [-108.3801036, 43.0249592], "Rochester": [-77.6155567, 43.1547845], "Rockford": [-89.0939952, 42.2711311], "Rogers": [-94.1185366, 36.3320196], "Salinas": [-121.6555013, 36.6777372], "Salisbury": [-75.5993692, 38.3606736], "Salt Lake City": [-111.8910474, 40.7607793], "San Angelo": [-100.4370375, 31.4637723], "San Antonio": [-98.4936282, 29.4241219], "San Diego": [-117.1572551, 32.7153292], "San Jose": [-121.8949555, 37.3393857], "San Luis Obispo": [-120.6596156, 35.2827524], "Santa Fe": [-105.937799, 35.6869752], "Sarasota": [-82.5306527, 27.3364347], "Savannah": [-81.0998342, 32.0835407], "Scottsbluff": [-103.660709, 41.86714], "Scranton": [-75.6624122, 41.408969], "Selma": [-87.0211007, 32.4073589], "Shreveport": [-93.7501789, 32.5251516], "Sierra Vista": [-110.2772856, 31.5455001], "Sioux City": [-96.4003069, 42.4999942], "Sioux Falls": [-96.700327, 43.5499749], "Spokane": [-117.4260466, 47.6587802], "Springfield": [-88.9548001, 39.8403147], "St. Joseph": [-94.8363889, 39.7577778], "St. Louis": [-90.224967, 38.646991], "St. Paul": [-93.086075, 44.944167], "St. Petersburg": [-82.667619, 27.782254], "Steubenville": [-80.6339638, 40.3697905], "Superior": [-92.1040796, 46.7207737], "Sweetwater": [-100.4059384, 32.4709519], "Syracuse": [-76.1474244, 43.0481221], "Tacoma": [-122.4442906, 47.2528768], "Terre Haute": [-87.4139092, 39.4667034], "Thomasville": [-83.9787808, 30.8365815], "Toledo": [-83.555212, 41.6639383], "Topeka": [-95.6780371, 39.0483336],